saqib, jerky, fldxt, gconv, whump
qophs, jambe, fldxt, vicky, wrung
qophs, jumba, fldxt, zingy, wreck
qophs, jumba, fldxt, vying, wreck
qophs, njave, fldxt, wrick, gumby
qophs, jumby, fldxt, zigan, wreck
qophs, jumby, fldxt, vegan, wrick
qophs, jumby, fldxt, ganev, wrick
qophs, jumby, fldxt, evang, wrick
qophs, jumby, fldxt, navig, wreck
qophs, jumby, fldxt, given, wrack
qophs, fldxt, uzbek, vying, crawm
hdqrs, bejig, ampyx, klutz, fconv
hdqrs, jumba, expwy, vingt, flock
hdqrs, mujik, exptl, fconv, gawby
hdqrs, jumbo, expwy, vingt, flack
hdqrs, jimpy, fultz, gconv, bawke
hdqrs, jumby, exptl, kafiz, gconv
hdqrs, jumby, exptl, gconv, wakif
hdqrs, junky, vibex, waltz, fcomp
hdqrs, jumpy, vibex, flock, twang
hdqrs, jowpy, vibex, muntz, flack
hdqrs, jowpy, vibex, muntz, glack
hdqrs, japyx, uzbeg, flowk, imcnt
hdqrs, japyx, klutz, fconv, bewig
hdqrs, japyx, muntz, flick, bowge
hdqrs, japyx, muntz, flock, bewig
hdqrs, vejoz, ampyx, flung, twick
hdqrs, vejoz, flick, twang, bumpy
hdqrs, vejoz, flamb, twick, pungy
hdqrs, vejoz, flang, twick, bumpy
hdqrs, vejoz, lampf, twick, bungy
hdqrs, vejoz, flimp, twang, bucky
hdqrs, vejoz, flump, twick, bangy
hdqrs, vejoz, fangy, twick, plumb
hdqrs, bemix, fultz, gconv, pawky
hdqrs, pumex, blitz, fconv, gawky
hdqrs, vibex, waltz, fcomp, kyung
hdqrs, vibex, waltz, fcomp, gunky
hdqrs, vixen, klutz, fcomp, gawby
hdqrs, ampyx, klutz, fconv, bewig
hdqrs, expwy, klutz, fconv, bigam
quack, bejig, fldxt, vrows, nymph
quack, vejoz, fldxt, brigs, nymph
quack, fldxt, zings, verby, whomp
quack, fldxt, zingy, verbs, whomp
quick, jambs, fldxt, woven, gryph
quick, njave, fldxt, wombs, gryph
quick, benjy, fldxt, grosz, whamp
quick, vejoz, fldxt, braws, nymph
quick, vejoz, fldxt, grabs, nymph
quick, vejoz, fldxt, garbs, nymph
quick, vejoz, fldxt, brags, nymph
quick, fldxt, zygon, verbs, whamp
manqu, vejoz, fldxt, wicks, gryph
manqu, vejoz, fldxt, swick, gryph
squab, vejoz, fldxt, wrick, nymph
quags, vejoz, fldxt, wrick, nymph
quags, vejoz, fldxt, brick, nymph
squib, jerky, fldxt, gconv, whamp
squib, vejoz, fldxt, wrack, nymph
qursh, jimpy, fldxt, gconv, bawke
seqwl, japyx, zhmud, vingt, frock
seqwl, japyx, zhmud, vingt, brock
quawk, benjy, fldxt, grosz, chimp
quawk, jimpy, fldxt, grosz, bench
quawk, jimpy, fldxt, gconv, herbs
quawk, vejoz, fldxt, bring, psych
quawk, vejoz, fldxt, cribs, nymph
quawk, vejoz, fldxt, brigs, nymph
quawk, vejoz, fldxt, grimp, synch
quawk, fldxt, zings, verby, chomp
quawk, fldxt, zingy, verbs, chomp
quawk, fldxt, zygon, verbs, chimp
squaw, vejoz, fldxt, brick, nymph
squiz, benjy, fldxt, chowk, gramp
squiz, jerky, fldxt, gconv, whamp
bejig, fldxt, knyaz, supvr, mowch
bejig, fldxt, knyaz, vrows, chump
fjeld, ampyx, bortz, chivw, gunks
jambe, fldxt, grosz, chivw, punky
jambe, fldxt, zingy, supvr, chowk
jambe, fldxt, zygon, supvr, whick
bejan, fldxt, grosz, vicky, whump
jakob, fldxt, zings, wyver, chump
jakob, fldxt, enzym, chivw, sprug
jacko, fldxt, zings, verby, whump
jacko, fldxt, zings, wyver, bumph
jacko, fldxt, zingy, verbs, whump
kopje, fldxt, zymic, vughs, brawn
fjord, pbxes, klutz, chivw, mangy
fjord, pbxes, muntz, chivw, glaky
fjord, vibex, muntz, wacks, glyph
fjord, vibex, muntz, swack, glyph
fjord, vibex, waltz, gucks, nymph
fjord, expwy, klutz, vangs, chimb
jorge, fldxt, knyaz, chivw, bumps
jacks, fldxt, zineb, grovy, whump
jacks, fldxt, bizen, grovy, whump
jacks, fldxt, ginzo, verby, whump
jacks, fldxt, ginzo, wyver, bumph
jacks, fldxt, burez, vying, whomp
jacks, fldxt, wizen, grovy, bumph
jacks, fldxt, winze, grovy, bumph
jacks, fldxt, zingy, bevor, whump
jacks, fldxt, zingy, vower, bumph
jacks, fldxt, zygon, brevi, whump
jacks, fldxt, zygon, wrive, bumph
jacks, fldxt, zygon, wiver, bumph
jambs, fldxt, zygon, chivw, puker
jambs, expdt, furzy, gconv, whilk
jambs, expdt, furzy, chivw, klong
jambs, expwy, fultz, gconv, dhikr
jinks, fldxt, uzbeg, carvy, whomp
jocks, fldxt, zineb, gravy, whump
jocks, fldxt, bizen, gravy, whump
jocks, fldxt, zigan, verby, whump
jocks, fldxt, zigan, wyver, bumph
jocks, fldxt, zebra, vying, whump
jocks, fldxt, braze, vying, whump
jocks, fldxt, burez, vying, whamp
jocks, fldxt, wizen, gravy, bumph
jocks, fldxt, winze, gravy, bumph
jocks, fldxt, zingy, breva, whump
jocks, fldxt, zingy, brave, whump
jocks, fldxt, zingy, waver, bumph
jocks, fldxt, zingy, warve, bumph
jocks, vibex, muntz, dwarf, glyph
johns, fldxt, uzbeg, vicky, wramp
jerks, fldxt, zambo, chivw, pungy
jerks, fldxt, zogan, chivw, bumpy
jerks, fldxt, gazon, chivw, bumpy
jerks, fldxt, zingy, vocab, whump
jumba, fldxt, zygon, chivw, perks
jumbo, fldxt, zingy, pshav, wreck
bruja, fldxt, zygon, chivw, skemp
bruja, fldxt, zygon, chivw, kemps
junks, fldxt, zambo, chivw, grype
jumps, fldxt, bezan, grovy, whick
jumps, fldxt, zineb, gravy, chowk
jumps, fldxt, bizen, gravy, chowk
jumps, fldxt, zineb, grovy, whack
jumps, fldxt, zineb, grovy, chawk
jumps, fldxt, bizen, grovy, whack
jumps, fldxt, bizen, grovy, chawk
jumps, fldxt, zigan, verby, chowk
jumps, fldxt, bonze, gravy, whick
jumps, fldxt, benzo, gravy, whick
jumps, fldxt, zogan, verby, whick
jumps, fldxt, gazon, verby, whick
jumps, fldxt, ginzo, verby, whack
jumps, fldxt, ginzo, verby, chawk
jumps, fldxt, zebra, vying, chowk
jumps, fldxt, braze, vying, chowk
jumps, fldxt, voraz, whing, becky
jumps, fldxt, vizor, whang, becky
jumps, fldxt, vizor, gawby, kench
jumps, fldxt, vizor, gawky, bench
jumps, fldxt, wanze, vicky, ghbor
jumps, fldxt, wanze, vicky, brogh
jumps, fldxt, wanze, vicky, borgh
jumps, fldxt, zingy, breva, chowk
jumps, fldxt, zingy, brave, chowk
jumps, fldxt, zingy, bevor, whack
jumps, fldxt, zingy, bevor, chawk
jumps, fldxt, knyaz, chivw, grebo
jumps, fldxt, knyaz, chivw, gerbo
jumps, fldxt, zygon, behav, wrick
jumps, fldxt, zygon, breva, whick
jumps, fldxt, zygon, brave, whick
jumps, fldxt, zygon, brevi, whack
jumps, fldxt, zygon, brevi, chawk
jumps, fldxt, zygon, chivw, kebar
jumps, fldxt, zygon, chivw, break
jumps, fldxt, zygon, chivw, brake
jumps, fldxt, zygon, chivw, baker
jahve, fldxt, zygon, wrick, bumps
njave, fldxt, grosz, whick, bumpy
njave, fldxt, grosz, wicky, bumph
javer, fldxt, zings, chowk, bumpy
javer, fldxt, zings, whomp, bucky
javer, fldxt, zincy, gowks, bumph
javer, fldxt, zingy, chowk, bumps
javer, fldxt, zingy, whomp, bucks
javer, fldxt, zingy, whump, bocks
javer, fldxt, zygon, whick, bumps
javer, fldxt, zygon, wicks, bumph
javer, fldxt, zygon, swick, bumph
rajiv, fldxt, zygon, whump, becks
jives, fldxt, zygon, wrack, bumph
jives, fldxt, zygon, whump, brack
judex, blitz, fconv, mawks, gryph
jacky, pbxes, zhmud, vingt, frowl
jacky, pbxes, fultz, mordv, whing
jacky, fldxt, ginzo, verbs, whump
jacky, fldxt, zings, bevor, whump
jacky, fldxt, zings, vower, bumph
jacky, fldxt, grosz, vinew, bumph
benjy, fldxt, gizmo, supvr, whack
benjy, fldxt, gizmo, supvr, chawk
benjy, fldxt, grosz, avick, whump
benjy, fldxt, oghuz, vamps, wrick
benjy, fldxt, vizor, whamp, gucks
benjy, fldxt, vizor, gawks, chump
jimpy, fldxt, bonze, vughs, wrack
jimpy, fldxt, benzo, vughs, wrack
jimpy, fldxt, uzbeg, vrows, chank
jimpy, fldxt, uzbak, gconv, wersh
jimpy, fldxt, uzbak, gconv, shrew
jimpy, fldxt, uzbak, vrows, cheng
jimpy, fldxt, uzbek, schav, wrong
jimpy, fldxt, uzbek, schav, grown
jimpy, fldxt, uzbek, vrows, ganch
jimpy, fldxt, uzbek, vrows, chang
jimpy, fldxt, burez, gconv, hawks
jimpy, fldxt, burez, vangs, chowk
jimpy, fldxt, wanze, vughs, brock
jerky, fldxt, zambo, chivw, spung
jerky, fldxt, zambo, chivw, pungs
jerky, fldxt, zogan, chivw, bumps
jerky, fldxt, gazon, chivw, bumps
jerky, fldxt, sabzi, gconv, whump
jerky, fldxt, zings, vocab, whump
jerky, fldxt, swazi, gconv, bumph
jumby, fldxt, zogan, chivw, perks
jumby, fldxt, gazon, chivw, perks
jumby, fldxt, ginzo, pshav, wreck
jumby, fldxt, graze, chivw, knosp
jumby, fldxt, graze, chivw, knops
jumby, fldxt, gazer, chivw, knosp
jumby, fldxt, gazer, chivw, knops
jumby, fldxt, karez, gconv, whisp
jumby, fldxt, karez, gconv, whips
jumby, fldxt, karez, chivw, spong
jumby, fldxt, prize, gconv, hawks
jumby, fldxt, prize, vangs, chowk
jumby, fldxt, zings, verpa, chowk
jumby, fldxt, zings, paver, chowk
jumby, fldxt, zings, parve, chowk
jumby, fldxt, zings, prove, whack
jumby, fldxt, zings, prove, chawk
jumby, fldxt, grosz, paven, whick
jumby, fldxt, grosz, chivw, pekan
jumby, fldxt, grosz, chivw, knape
jumby, fldxt, voraz, whing, speck
jumby, fldxt, voraz, whing, pecks
jumby, fldxt, vizor, whang, speck
jumby, fldxt, vizor, whang, pecks
jumby, expdt, zarfs, gconv, whilk
jumby, expdt, zarfs, chivw, klong
jumby, expdt, grosz, chivw, flank
junky, expdt, grosz, chivw, flamb
jumpy, fldxt, zigan, verbs, chowk
jumpy, fldxt, zogan, verbs, whick
jumpy, fldxt, gazon, verbs, whick
jumpy, fldxt, zogan, chivw, krebs
jumpy, fldxt, zogan, chivw, kerbs
jumpy, fldxt, gazon, chivw, krebs
jumpy, fldxt, gazon, chivw, kerbs
jumpy, fldxt, ginzo, verbs, whack
jumpy, fldxt, ginzo, verbs, chawk
jumpy, fldxt, zebra, gconv, whisk
jumpy, fldxt, braze, gconv, whisk
jumpy, fldxt, graze, chivw, knobs
jumpy, fldxt, graze, chivw, bonks
jumpy, fldxt, gazer, chivw, knobs
jumpy, fldxt, gazer, chivw, bonks
jumpy, fldxt, karez, chivw, bongs
jumpy, fldxt, gazes, chivw, bronk
jumpy, fldxt, zings, breva, chowk
jumpy, fldxt, zings, brave, chowk
jumpy, fldxt, zings, bevor, whack
jumpy, fldxt, zings, bevor, chawk
jumpy, fldxt, grosz, chivw, baken
jumpy, fldxt, voraz, whing, becks
jumpy, fldxt, vizor, whang, becks
jumpy, fldxt, vizor, gawks, bench
jarvy, pbxes, zhmud, flong, twick
jarvy, fldxt, zineb, whomp, gucks
jarvy, fldxt, bizen, whomp, gucks
jarvy, fldxt, zineb, gowks, chump
jarvy, fldxt, bizen, gowks, chump
jarvy, fldxt, ginzo, whump, becks
jarvy, fldxt, uzbeg, mowch, spink
jarvy, fldxt, uzbeg, mowch, pinks
jarvy, fldxt, uzbeg, nowch, skimp
jarvy, fldxt, uzbeg, whomp, snick
jarvy, fldxt, uzbeg, whomp, nicks
jarvy, fldxt, uzbeg, winks, chomp
jarvy, fldxt, uzbeg, swink, chomp
jarvy, fldxt, uzbeg, swonk, chimp
jarvy, fldxt, uzbeg, snowk, chimp
jarvy, fldxt, uzbeg, knows, chimp
jarvy, fldxt, uzbek, whing, comps
jarvy, fldxt, uzbek, mowch, pings
jarvy, fldxt, uzbek, nowch, gimps
jarvy, fldxt, uzbek, wings, chomp
jarvy, fldxt, uzbek, swing, chomp
jarvy, fldxt, uzbek, gowns, chimp
jowly, pbxes, zhmud, vingt, frack
jowpy, fldxt, nizam, vughs, breck
jowpy, fldxt, nazim, vughs, breck
jowpy, fldxt, zemni, vughs, brack
jowpy, fldxt, mizen, vughs, brack
jowpy, fldxt, uzbeg, mirvs, chank
jowpy, fldxt, uzbak, mirvs, cheng
jowpy, fldxt, uzbek, vangs, chirm
jowpy, fldxt, uzbek, mirvs, ganch
jowpy, fldxt, uzbek, mirvs, chang
japyx, fritz, gconv, whelk, dumbs
japyx, bortz, chivw, flegm, dunks
japyx, zhmud, fconv, grewt, bilks
japyx, zhmud, verbs, flong, twick
japyx, zhmud, vingt, fleck, brows
japyx, zhmud, vingt, flock, brews
japyx, zhmud, vingt, freck, bowls
japyx, zhmud, vingt, freck, blows
japyx, zhmud, vingt, frowl, becks
japyx, zhmud, vingt, flews, brock
japyx, zhmud, vingt, wolfs, breck
japyx, zhmud, vingt, fowls, breck
japyx, zhmud, vingt, flows, breck
japyx, zhmud, vingt, frows, bleck
japyx, fultz, mordv, whing, becks
japyx, klutz, chivw, fremd, bongs
japyx, muntz, bovld, freck, whigs
japyx, windz, vughs, fremt, block
japyx, windz, thruv, flegm, bocks
vejoz, fldxt, whack, bring, spumy
vejoz, fldxt, chawk, bring, spumy
vejoz, fldxt, whack, brims, pungy
vejoz, fldxt, chawk, brims, pungy
vejoz, fldxt, whack, bungs, primy
vejoz, fldxt, chawk, bungs, primy
vejoz, fldxt, whack, numbs, gripy
vejoz, fldxt, chawk, numbs, gripy
vejoz, fldxt, whack, bumps, ringy
vejoz, fldxt, whack, bumps, girny
vejoz, fldxt, chawk, bumps, ringy
vejoz, fldxt, chawk, bumps, girny
vejoz, fldxt, whack, burns, pigmy
vejoz, fldxt, whack, burns, gimpy
vejoz, fldxt, chawk, burns, pigmy
vejoz, fldxt, chawk, burns, gimpy
vejoz, fldxt, whack, burps, mingy
vejoz, fldxt, chawk, burps, mingy
vejoz, fldxt, whack, bingy, rumps
vejoz, fldxt, chawk, bingy, rumps
vejoz, fldxt, whack, gumby, pirns
vejoz, fldxt, chawk, gumby, pirns
vejoz, fldxt, whack, bungy, prism
vejoz, fldxt, whack, bungy, prims
vejoz, fldxt, chawk, bungy, prism
vejoz, fldxt, chawk, bungy, prims
vejoz, fldxt, whack, bumpy, rings
vejoz, fldxt, whack, bumpy, grins
vejoz, fldxt, whack, bumpy, girns
vejoz, fldxt, chawk, bumpy, rings
vejoz, fldxt, chawk, bumpy, grins
vejoz, fldxt, chawk, bumpy, girns
vejoz, fldxt, whack, bryum, pings
vejoz, fldxt, chawk, bryum, pings
vejoz, fldxt, whack, runby, gimps
vejoz, fldxt, whack, burny, gimps
vejoz, fldxt, chawk, runby, gimps
vejoz, fldxt, chawk, burny, gimps
vejoz, fldxt, whick, bangs, rumpy
vejoz, fldxt, whick, barms, pungy
vejoz, fldxt, whick, numbs, grapy
vejoz, fldxt, whick, bumps, rangy
vejoz, fldxt, whick, bumps, angry
vejoz, fldxt, whick, burps, mangy
vejoz, fldxt, whick, bangy, rumps
vejoz, fldxt, whick, namby, sprug
vejoz, fldxt, whick, barmy, spung
vejoz, fldxt, whick, barmy, pungs
vejoz, fldxt, whick, ambry, spung
vejoz, fldxt, whick, ambry, pungs
vejoz, fldxt, whick, bungy, sparm
vejoz, fldxt, whick, bungy, ramps
vejoz, fldxt, whick, bungy, prams
vejoz, fldxt, whick, bumpy, gnars
vejoz, fldxt, whick, bryum, spang
vejoz, fldxt, whick, bryum, pangs
vejoz, fldxt, whick, runby, gamps
vejoz, fldxt, whick, burny, gamps
vejoz, fldxt, chawn, skimp, rugby
vejoz, fldxt, chawn, skirp, gumby
vejoz, fldxt, chawn, brusk, pigmy
vejoz, fldxt, chawn, brusk, gimpy
vejoz, fldxt, chawn, busky, grimp
vejoz, fldxt, whang, brick, spumy
vejoz, fldxt, whang, spick, bryum
vejoz, fldxt, whang, picks, bryum
vejoz, fldxt, whang, skimp, curby
vejoz, fldxt, whang, ricks, bumpy
vejoz, fldxt, whang, bucks, primy
vejoz, fldxt, whang, micky, burps
vejoz, fldxt, whang, ricky, bumps
vejoz, fldxt, whang, spiky, crumb
vejoz, fldxt, whang, pisky, crumb
vejoz, fldxt, whang, bucky, prism
vejoz, fldxt, whang, bucky, prims
vejoz, fldxt, whang, busky, crimp
vejoz, fldxt, winch, spark, gumby
vejoz, fldxt, winch, parks, gumby
vejoz, fldxt, winch, busky, gramp
vejoz, fldxt, whing, brack, spumy
vejoz, fldxt, whing, backs, rumpy
vejoz, fldxt, whing, spack, bryum
vejoz, fldxt, whing, packs, bryum
vejoz, fldxt, whing, racks, bumpy
vejoz, fldxt, whing, carks, bumpy
vejoz, fldxt, whing, pucks, barmy
vejoz, fldxt, whing, pucks, ambry
vejoz, fldxt, whing, brusk, campy
vejoz, fldxt, whing, backy, rumps
vejoz, fldxt, whing, mckay, burps
vejoz, fldxt, whing, bucky, sparm
vejoz, fldxt, whing, bucky, ramps
vejoz, fldxt, whing, bucky, prams
vejoz, fldxt, whing, busky, cramp
vejoz, fldxt, whank, crumb, gipsy
vejoz, fldxt, whank, bumps, gyric
vejoz, fldxt, whank, scrub, pigmy
vejoz, fldxt, whank, scrub, gimpy
vejoz, fldxt, whank, curbs, pigmy
vejoz, fldxt, whank, curbs, gimpy
vejoz, fldxt, whank, gumby, scrip
vejoz, fldxt, whank, gumby, crisp
vejoz, fldxt, whank, gumby, crips
vejoz, fldxt, whank, curby, gimps
vejoz, fldxt, whamp, snick, rugby
vejoz, fldxt, whamp, nicks, rugby
vejoz, fldxt, whamp, kings, curby
vejoz, fldxt, whamp, ginks, curby
vejoz, fldxt, whamp, ricks, bungy
vejoz, fldxt, whamp, bucks, ringy
vejoz, fldxt, whamp, bucks, girny
vejoz, fldxt, whamp, gucks, briny
vejoz, fldxt, whamp, gucks, birny
vejoz, fldxt, whamp, bunks, gyric
vejoz, fldxt, whamp, brusk, gynic
vejoz, fldxt, whamp, rucks, bingy
vejoz, fldxt, whamp, nicky, grubs
vejoz, fldxt, whamp, nicky, burgs
vejoz, fldxt, whamp, ricky, bungs
vejoz, fldxt, whamp, bucky, rings
vejoz, fldxt, whamp, bucky, grins
vejoz, fldxt, whamp, bucky, girns
vejoz, fldxt, whamp, kyung, cribs
vejoz, fldxt, whamp, gunky, cribs
vejoz, fldxt, whamp, yucks, bring
vejoz, fldxt, warch, kings, bumpy
vejoz, fldxt, warch, ginks, bumpy
vejoz, fldxt, warch, skimp, bungy
vejoz, fldxt, warch, spink, gumby
vejoz, fldxt, warch, pinks, gumby
vejoz, fldxt, warch, bunks, pigmy
vejoz, fldxt, warch, bunks, gimpy
vejoz, fldxt, wrack, gibus, nymph
vejoz, fldxt, wrack, bumps, hying
vejoz, fldxt, wrack, bingy, sumph
vejoz, fldxt, wrack, bingy, humps
vejoz, fldxt, wrack, bumpy, singh
vejoz, fldxt, wrack, bumpy, nighs
vejoz, fldxt, wrick, bhang, spumy
vejoz, fldxt, wrick, bangs, humpy
vejoz, fldxt, wrick, bumph, yangs
vejoz, fldxt, wrick, bumph, gansy
vejoz, fldxt, wrick, bungs, phyma
vejoz, fldxt, wrick, bungs, pamhy
vejoz, fldxt, wrick, bungs, yamph
vejoz, fldxt, wrick, bangy, sumph
vejoz, fldxt, wrick, bangy, humps
vejoz, fldxt, wrick, bungy, phasm
vejoz, fldxt, wrick, bungy, pashm
vejoz, fldxt, wrick, bumpy, shang
vejoz, fldxt, wrick, bumpy, sangh
vejoz, fldxt, wrick, bumpy, hangs
vejoz, fldxt, wrick, bumpy, gnash
vejoz, fldxt, brawn, shuck, pigmy
vejoz, fldxt, brawn, shuck, gimpy
vejoz, fldxt, brawn, hucks, pigmy
vejoz, fldxt, brawn, hucks, gimpy
vejoz, fldxt, wrang, shick, bumpy
vejoz, fldxt, wrang, hicks, bumpy
vejoz, fldxt, wrang, kumbi, psych
vejoz, fldxt, wrang, hicky, bumps
vejoz, fldxt, wrang, busky, chimp
vejoz, fldxt, wring, backs, humpy
vejoz, fldxt, wring, shack, bumpy
vejoz, fldxt, wring, hacks, bumpy
vejoz, fldxt, wring, bucks, phyma
vejoz, fldxt, wring, bucks, pamhy
vejoz, fldxt, wring, bucks, yamph
vejoz, fldxt, wring, backy, sumph
vejoz, fldxt, wring, backy, humps
vejoz, fldxt, wring, hacky, bumps
vejoz, fldxt, wring, chyak, bumps
vejoz, fldxt, wring, yacks, bumph
vejoz, fldxt, wring, casky, bumph
vejoz, fldxt, wring, bucky, phasm
vejoz, fldxt, wring, bucky, pashm
vejoz, fldxt, wring, busky, champ
vejoz, fldxt, wharp, micks, bungy
vejoz, fldxt, wharp, snick, gumby
vejoz, fldxt, wharp, nicks, gumby
vejoz, fldxt, wharp, bucks, mingy
vejoz, fldxt, wharp, mucks, bingy
vejoz, fldxt, wharp, micky, bungs
vejoz, fldxt, wramp, shick, bungy
vejoz, fldxt, wramp, hicks, bungy
vejoz, fldxt, wramp, bucks, hying
vejoz, fldxt, wramp, shuck, bingy
vejoz, fldxt, wramp, hucks, bingy
vejoz, fldxt, wramp, gunks, bichy
vejoz, fldxt, wramp, hicky, bungs
vejoz, fldxt, wramp, bucky, singh
vejoz, fldxt, wramp, bucky, nighs
vejoz, fldxt, wramp, busky, ching
vejoz, fldxt, prawn, shick, gumby
vejoz, fldxt, prawn, hicks, gumby
vejoz, fldxt, schwa, prink, gumby
vejoz, fldxt, chwas, prink, gumby
vejoz, fldxt, chaws, prink, gumby
vejoz, fldxt, whigs, crank, bumpy
vejoz, fldxt, whigs, banky, crump
vejoz, fldxt, wacks, bring, humpy
vejoz, fldxt, swack, bring, humpy
vejoz, fldxt, wacks, minbu, gryph
vejoz, fldxt, swack, minbu, gryph
vejoz, fldxt, wacks, bumph, ringy
vejoz, fldxt, wacks, bumph, girny
vejoz, fldxt, swack, bumph, ringy
vejoz, fldxt, swack, bumph, girny
vejoz, fldxt, wacks, bingy, murph
vejoz, fldxt, swack, bingy, murph
vejoz, fldxt, gawks, bunch, primy
vejoz, fldxt, gawks, urbic, nymph
vejoz, fldxt, gawks, briny, chump
vejoz, fldxt, gawks, birny, chump
vejoz, fldxt, gawks, bumpy, rinch
vejoz, fldxt, gawks, bryum, pinch
vejoz, fldxt, gawks, runby, chimp
vejoz, fldxt, gawks, burny, chimp
vejoz, fldxt, hawks, bingy, crump
vejoz, fldxt, hawks, bungy, crimp
vejoz, fldxt, wicks, bhang, rumpy
vejoz, fldxt, swick, bhang, rumpy
vejoz, fldxt, wicks, brahm, pungy
vejoz, fldxt, swick, brahm, pungy
vejoz, fldxt, wicks, bumph, rangy
vejoz, fldxt, wicks, bumph, angry
vejoz, fldxt, swick, bumph, rangy
vejoz, fldxt, swick, bumph, angry
vejoz, fldxt, wicks, burga, nymph
vejoz, fldxt, swick, burga, nymph
vejoz, fldxt, wicks, bangy, murph
vejoz, fldxt, swick, bangy, murph
vejoz, fldxt, wicks, bungy, prahm
vejoz, fldxt, wicks, bungy, pharm
vejoz, fldxt, swick, bungy, prahm
vejoz, fldxt, swick, bungy, pharm
vejoz, fldxt, whisk, bangy, crump
vejoz, fldxt, whisk, bungy, cramp
vejoz, fldxt, whisk, bumpy, crang
vejoz, fldxt, whams, brick, pungy
vejoz, fldxt, shawm, brick, pungy
vejoz, fldxt, whams, prick, bungy
vejoz, fldxt, shawm, prick, bungy
vejoz, fldxt, whims, brack, pungy
vejoz, fldxt, whims, bucky, prang
vejoz, fldxt, mawks, birch, pungy
vejoz, fldxt, mawks, bunch, gripy
vejoz, fldxt, mawks, bungy, prich
vejoz, fldxt, mawks, bungy, chirp
vejoz, fldxt, mawks, rugby, pinch
vejoz, fldxt, swang, brick, humpy
vejoz, fldxt, gnaws, brick, humpy
vejoz, fldxt, swang, chirk, bumpy
vejoz, fldxt, gnaws, chirk, bumpy
vejoz, fldxt, swang, picky, rhumb
vejoz, fldxt, gnaws, picky, rhumb
vejoz, fldxt, swang, kirby, chump
vejoz, fldxt, swang, birky, chump
vejoz, fldxt, gnaws, kirby, chump
vejoz, fldxt, gnaws, birky, chump
vejoz, fldxt, swang, ricky, bumph
vejoz, fldxt, gnaws, ricky, bumph
vejoz, fldxt, shawn, prick, gumby
vejoz, fldxt, shawn, bucky, grimp
vejoz, fldxt, wings, brack, humpy
vejoz, fldxt, swing, brack, humpy
vejoz, fldxt, wings, karch, bumpy
vejoz, fldxt, wings, chark, bumpy
vejoz, fldxt, swing, karch, bumpy
vejoz, fldxt, swing, chark, bumpy
vejoz, fldxt, wings, backy, murph
vejoz, fldxt, swing, backy, murph
vejoz, fldxt, wings, braky, chump
vejoz, fldxt, wings, barky, chump
vejoz, fldxt, swing, braky, chump
vejoz, fldxt, swing, barky, chump
vejoz, fldxt, wings, bucky, prahm
vejoz, fldxt, wings, bucky, pharm
vejoz, fldxt, swing, bucky, prahm
vejoz, fldxt, swing, bucky, pharm
vejoz, fldxt, whins, backy, grump
vejoz, fldxt, whins, bucky, gramp
vejoz, fldxt, swank, bumph, gyric
vejoz, fldxt, swank, bichy, grump
vejoz, fldxt, swank, gumby, prich
vejoz, fldxt, swank, gumby, chirp
vejoz, fldxt, swank, rugby, chimp
vejoz, fldxt, winks, bumph, gracy
vejoz, fldxt, swink, bumph, gracy
vejoz, fldxt, winks, burgh, campy
vejoz, fldxt, winks, brugh, campy
vejoz, fldxt, swink, burgh, campy
vejoz, fldxt, swink, brugh, campy
vejoz, fldxt, winks, gumby, parch
vejoz, fldxt, swink, gumby, parch
vejoz, fldxt, winks, rugby, champ
vejoz, fldxt, swink, rugby, champ
vejoz, fldxt, whaps, brick, mungy
vejoz, fldxt, pshaw, brick, mungy
vejoz, fldxt, whaps, crink, gumby
vejoz, fldxt, pshaw, crink, gumby
vejoz, fldxt, whaps, mucky, bring
vejoz, fldxt, pshaw, mucky, bring
vejoz, fldxt, whisp, brack, mungy
vejoz, fldxt, whips, brack, mungy
vejoz, fldxt, whisp, crank, gumby
vejoz, fldxt, whips, crank, gumby
vejoz, fldxt, whisp, kyang, crumb
vejoz, fldxt, whips, kyang, crumb
vejoz, fldxt, swamp, kinch, rugby
vejoz, fldxt, swamp, chink, rugby
vejoz, fldxt, swamp, chirk, bungy
vejoz, fldxt, swamp, nicky, burgh
vejoz, fldxt, swamp, nicky, brugh
vejoz, fldxt, swamp, kirby, chung
vejoz, fldxt, swamp, birky, chung
vejoz, fldxt, swamp, kyung, birch
vejoz, fldxt, swamp, gunky, birch
vejoz, fldxt, spawn, chirk, gumby
vejoz, fldxt, pawns, chirk, gumby
vejoz, fldxt, spawn, micky, burgh
vejoz, fldxt, spawn, micky, brugh
vejoz, fldxt, pawns, micky, burgh
vejoz, fldxt, pawns, micky, brugh
vejoz, fldxt, braws, gucki, nymph
vejoz, fldxt, braws, chunk, pigmy
vejoz, fldxt, braws, chunk, gimpy
vejoz, fldxt, braws, kyung, chimp
vejoz, fldxt, braws, gunky, chimp
vejoz, fldxt, warks, chimb, pungy
vejoz, fldxt, warks, bunch, pigmy
vejoz, fldxt, warks, bunch, gimpy
vejoz, fldxt, warks, bumph, gynic
vejoz, fldxt, warks, bingy, chump
vejoz, fldxt, warks, gumby, pinch
vejoz, fldxt, warks, bungy, chimp
vejoz, fldxt, warks, bumpy, ching
vejoz, fldxt, wraps, kinch, gumby
vejoz, fldxt, wraps, chink, gumby
vejoz, fldxt, warps, kinch, gumby
vejoz, fldxt, warps, chink, gumby
vejoz, fldxt, wraps, kyung, chimb
vejoz, fldxt, wraps, gunky, chimb
vejoz, fldxt, warps, kyung, chimb
vejoz, fldxt, warps, gunky, chimb
vejoz, fldxt, whump, brick, yangs
vejoz, fldxt, whump, brick, gansy
vejoz, fldxt, whump, backs, ringy
vejoz, fldxt, whump, backs, girny
vejoz, fldxt, whump, banks, gyric
vejoz, fldxt, whump, kings, carby
vejoz, fldxt, whump, ginks, carby
vejoz, fldxt, whump, barks, gynic
vejoz, fldxt, whump, racks, bingy
vejoz, fldxt, whump, carks, bingy
vejoz, fldxt, whump, brisk, cangy
vejoz, fldxt, whump, birks, cangy
vejoz, fldxt, whump, ricks, bangy
vejoz, fldxt, whump, backy, rings
vejoz, fldxt, whump, backy, grins
vejoz, fldxt, whump, backy, girns
vejoz, fldxt, whump, kyang, cribs
vejoz, fldxt, whump, nicky, grabs
vejoz, fldxt, whump, nicky, garbs
vejoz, fldxt, whump, nicky, brags
vejoz, fldxt, whump, ricky, bangs
vejoz, fldxt, whump, yacks, bring
vejoz, fldxt, whump, casky, bring
vejoz, fldxt, swung, brick, phyma
vejoz, fldxt, swung, brick, pamhy
vejoz, fldxt, swung, brick, yamph
vejoz, fldxt, swung, picky, brahm
vejoz, fldxt, swung, braky, chimp
vejoz, fldxt, swung, barky, chimp
vejoz, fldxt, swung, kirby, champ
vejoz, fldxt, swung, birky, champ
vejoz, fldxt, swung, parky, chimb
vejoz, fldxt, gawby, kinch, rumps
vejoz, fldxt, gawby, chink, rumps
vejoz, fldxt, gawby, chirk, numps
vejoz, fldxt, gawby, crink, sumph
vejoz, fldxt, gawby, crink, humps
vejoz, fldxt, gawby, prink, chums
vejoz, fldxt, gawby, snick, murph
vejoz, fldxt, gawby, nicks, murph
vejoz, fldxt, gawby, knish, crump
vejoz, fldxt, gawby, skimp, runch
vejoz, fldxt, gawby, skimp, churn
vejoz, fldxt, gawby, spink, churm
vejoz, fldxt, gawby, pinks, churm
vejoz, fldxt, gawby, smirk, punch
vejoz, fldxt, gawby, mirks, punch
vejoz, fldxt, gawby, rinks, chump
vejoz, fldxt, gawby, kirns, chump
vejoz, fldxt, gawby, skirp, munch
vejoz, fldxt, gawby, chunk, prism
vejoz, fldxt, gawby, chunk, prims
vejoz, fldxt, gawby, hunks, crimp
vejoz, fldxt, gawby, spunk, chirm
vejoz, fldxt, gawby, punks, chirm
vejoz, fldxt, gawby, murks, pinch
vejoz, fldxt, gawby, knurs, chimp
vejoz, fldxt, wacky, bring, sumph
vejoz, fldxt, wacky, bring, humps
vejoz, fldxt, cawky, bring, sumph
vejoz, fldxt, cawky, bring, humps
vejoz, fldxt, wacky, bumph, rings
vejoz, fldxt, wacky, bumph, grins
vejoz, fldxt, wacky, bumph, girns
vejoz, fldxt, cawky, bumph, rings
vejoz, fldxt, cawky, bumph, grins
vejoz, fldxt, cawky, bumph, girns
vejoz, fldxt, wacky, rhumb, pings
vejoz, fldxt, cawky, rhumb, pings
vejoz, fldxt, wacky, numbs, griph
vejoz, fldxt, cawky, numbs, griph
vejoz, fldxt, gawky, chimb, spurn
vejoz, fldxt, gawky, chimb, snurp
vejoz, fldxt, gawky, birch, numps
vejoz, fldxt, gawky, brims, punch
vejoz, fldxt, gawky, brins, chump
vejoz, fldxt, gawky, bunch, prism
vejoz, fldxt, gawky, bunch, prims
vejoz, fldxt, gawky, bumph, scrin
vejoz, fldxt, gawky, numbs, prich
vejoz, fldxt, gawky, numbs, chirp
vejoz, fldxt, gawky, bumps, rinch
vejoz, fldxt, gawky, burns, chimp
vejoz, fldxt, hawky, crumb, pings
vejoz, fldxt, hawky, bungs, crimp
vejoz, fldxt, wicky, bhang, rumps
vejoz, fldxt, wicky, bargh, numps
vejoz, fldxt, wicky, brahm, spung
vejoz, fldxt, wicky, brahm, pungs
vejoz, fldxt, wicky, bangs, murph
vejoz, fldxt, wicky, bumph, gnars
vejoz, fldxt, wicky, rhumb, spang
vejoz, fldxt, wicky, rhumb, pangs
vejoz, fldxt, wicky, bungs, prahm
vejoz, fldxt, wicky, bungs, pharm
vejoz, fldxt, wicky, numbs, graph
vejoz, fldxt, mawky, birch, spung
vejoz, fldxt, mawky, birch, pungs
vejoz, fldxt, mawky, brigs, punch
vejoz, fldxt, mawky, bunch, sprig
vejoz, fldxt, mawky, bunch, prigs
vejoz, fldxt, mawky, bunch, grips
vejoz, fldxt, mawky, bungs, prich
vejoz, fldxt, mawky, bungs, chirp
vejoz, fldxt, mawky, grubs, pinch
vejoz, fldxt, mawky, burgs, pinch
vejoz, fldxt, mawky, burps, ching
vejoz, fldxt, cawny, skimp, burgh
vejoz, fldxt, cawny, skimp, brugh
vejoz, fldxt, wingy, brack, sumph
vejoz, fldxt, wingy, brack, humps
vejoz, fldxt, wingy, karch, bumps
vejoz, fldxt, wingy, chark, bumps
vejoz, fldxt, wingy, backs, murph
vejoz, fldxt, wingy, spack, rhumb
vejoz, fldxt, wingy, packs, rhumb
vejoz, fldxt, wingy, kaphs, crumb
vejoz, fldxt, wingy, barks, chump
vejoz, fldxt, wingy, racks, bumph
vejoz, fldxt, wingy, carks, bumph
vejoz, fldxt, wingy, bucks, prahm
vejoz, fldxt, wingy, bucks, pharm
vejoz, fldxt, wingy, pucks, brahm
vejoz, fldxt, wingy, brusk, champ
vejoz, fldxt, whiny, backs, grump
vejoz, fldxt, whiny, bucks, gramp
vejoz, fldxt, wanky, chimb, sprug
vejoz, fldxt, wanky, brigs, chump
vejoz, fldxt, wanky, subch, grimp
vejoz, fldxt, wanky, chubs, grimp
vejoz, fldxt, wanky, grubs, chimp
vejoz, fldxt, wanky, burgs, chimp
vejoz, fldxt, pawky, chimb, rungs
vejoz, fldxt, pawky, bring, chums
vejoz, fldxt, pawky, brigs, munch
vejoz, fldxt, pawky, brims, chung
vejoz, fldxt, pawky, crumb, singh
vejoz, fldxt, pawky, crumb, nighs
vejoz, fldxt, pawky, bungs, chirm
vejoz, fldxt, rawky, chimb, spung
vejoz, fldxt, rawky, chimb, pungs
vejoz, fldxt, rawky, bunch, gimps
vejoz, fldxt, rawky, bungs, chimp
vejoz, fldxt, rawky, bumps, ching
vejoz, fldxt, gawsy, brink, chump
vejoz, fldxt, gawsy, crink, bumph
vejoz, fldxt, skiwy, bhang, crump
vejoz, fldxt, skiwy, bunch, gramp
vejoz, fldxt, skiwy, bumph, crang
vejoz, kylix, pfund, crwth, gambs
vejoz, ampyx, fdubs, crwth, kling
vejoz, ampyx, fdubs, crwth, glink
jazey, fldxt, gconv, whump, brisk
jazey, fldxt, gconv, whump, birks
jazey, fldxt, chivw, knobs, grump
jazey, fldxt, chivw, bonks, grump
jizya, fldxt, gconv, whump, krebs
jizya, fldxt, gconv, whump, kerbs
